Filename,Label,Spectrogram_Path,MFCC_1,MFCC_2,MFCC_3,MFCC_4,MFCC_5,MFCC_6,MFCC_7,MFCC_8,MFCC_9,MFCC_10,MFCC_11,MFCC_12,MFCC_13
New_MVP_001.wav,MVP,./Dataset/Spectrograms_MVP\MVP\New_MVP_001.png,-516.6107,71.4684,63.6407,51.837234,37.688023,23.055285,9.715683,-0.9272382,-8.0467005,-11.4777,-11.673938,-9.55355,-6.272056
New_MVP_002.wav,MVP,./Dataset/Spectrograms_MVP\MVP\New_MVP_002.png,-478.02322,71.55454,60.815845,45.322628,27.875862,11.29822,-2.0384474,-10.586238,-13.897461,-12.653499,-8.367745,-2.89718,2.0326219
New_MVP_003.wav,MVP,./Dataset/Spectrograms_MVP\MVP\New_MVP_003.png,-466.02005,72.53022,60.34999,43.409595,25.358116,9.36773,-2.5336335,-9.580975,-12.046114,-10.886094,-7.4017053,-2.9720006,1.1357952
New_MVP_004.wav,MVP,./Dataset/Spectrograms_MVP\MVP\New_MVP_004.png,-483.4126,77.32393,69.67763,58.059807,43.95855,29.095509,15.149463,3.5022094,-4.9479847,-9.87533,-11.508652,-10.518962,-7.842407
New_MVP_005.wav,MVP,./Dataset/Spectrograms_MVP\MVP\New_MVP_005.png,-485.78693,78.91412,71.36516,59.879436,45.905632,31.12081,17.162228,5.381046,-3.3381486,-8.662994,-10.795502,-10.362848,-8.246225
New_MVP_006.wav,MVP,./Dataset/Spectrograms_MVP\MVP\New_MVP_006.png,-482.26337,78.64929,70.95155,59.257072,45.064796,30.106945,16.069645,4.336842,-4.196481,-9.211804,-10.9463215,-10.077055,-7.5407763
New_MVP_007.wav,MVP,./Dataset/Spectrograms_MVP\MVP\New_MVP_007.png,-485.9112,81.63108,73.20961,60.4943,45.21151,29.325043,14.699265,2.8016555,-5.498852,-10.004654,-11.129899,-9.733374,-6.889563
New_MVP_008.wav,MVP,./Dataset/Spectrograms_MVP\MVP\New_MVP_008.png,-484.59418,77.90727,70.14077,58.350574,44.05976,29.02687,14.961051,3.2612462,-5.173647,-10.032979,-11.571951,-10.492145,-7.7567353
New_MVP_009.wav,MVP,./Dataset/Spectrograms_MVP\MVP\New_MVP_009.png,-485.12875,79.40688,71.54068,59.611156,45.171158,30.004215,15.831366,4.047266,-4.466731,-9.423523,-11.099328,-10.207314,-7.7092543
New_MVP_010.wav,MVP,./Dataset/Spectrograms_MVP\MVP\New_MVP_010.png,-483.20117,77.84487,70.20603,58.60221,44.52188,29.684137,15.760706,4.1215315,-4.3502913,-9.344378,-11.101007,-10.294458,-7.8528504
New_MVP_011.wav,MVP,./Dataset/Spectrograms_MVP\MVP\New_MVP_011.png,-484.80206,77.0864,69.503525,57.99463,44.043945,29.356129,15.578516,4.0529685,-4.3591533,-9.353806,-11.158958,-10.42254,-8.042963
New_MVP_012.wav,MVP,./Dataset/Spectrograms_MVP\MVP\New_MVP_012.png,-485.06213,78.79809,71.12313,59.462307,45.308193,30.384468,16.367157,4.629626,-3.942723,-9.038137,-10.895944,-10.189187,-7.8438334
New_MVP_013.wav,MVP,./Dataset/Spectrograms_MVP\MVP\New_MVP_013.png,-487.4251,77.82732,70.18875,58.578346,44.477394,29.600393,15.6204405,3.916417,-4.6127005,-9.636758,-11.377251,-10.496126,-7.920247
New_MVP_014.wav,MVP,./Dataset/Spectrograms_MVP\MVP\New_MVP_014.png,-479.29678,76.636925,69.20951,57.912495,44.177143,29.661964,15.988226,4.4962387,-3.9345615,-8.972764,-10.820234,-10.106691,-7.721706
New_MVP_015.wav,MVP,./Dataset/Spectrograms_MVP\MVP\New_MVP_015.png,-479.76904,76.16811,68.553246,57.02583,43.106102,28.525396,14.939171,3.6780415,-4.421576,-9.086682,-10.576628,-9.567989,-6.982997
New_MVP_016.wav,MVP,./Dataset/Spectrograms_MVP\MVP\New_MVP_016.png,-484.5705,76.90299,69.395,57.98876,44.145042,29.54981,15.841141,4.359948,-4.030452,-9.026768,-10.8621645,-10.190375,-7.9086757
New_MVP_017.wav,MVP,./Dataset/Spectrograms_MVP\MVP\New_MVP_017.png,-480.13678,78.29328,70.62395,58.982117,44.869385,30.013885,16.088196,4.4544573,-4.0174747,-9.030341,-10.831987,-10.095463,-7.739016
New_MVP_018.wav,MVP,./Dataset/Spectrograms_MVP\MVP\New_MVP_018.png,-483.3964,76.36344,68.79027,57.290955,43.347588,28.671915,14.928446,3.4806302,-4.7941594,-9.590985,-11.156108,-10.171124,-7.5731797
New_MVP_019.wav,MVP,./Dataset/Spectrograms_MVP\MVP\New_MVP_019.png,-481.30533,75.72939,68.23236,56.853035,43.063526,28.562656,15.000043,3.723743,-4.403124,-9.08702,-10.581316,-9.569491,-6.9852343
New_MVP_020.wav,MVP,./Dataset/Spectrograms_MVP\MVP\New_MVP_020.png,-484.99,75.2878,68.00657,56.930603,43.46077,29.219355,15.791075,4.484767,-3.841631,-8.864879,-10.780417,-10.197993,-7.977059
New_MVP_021.wav,MVP,./Dataset/Spectrograms_MVP\MVP\New_MVP_021.png,-486.0663,78.25169,70.58435,58.9401,44.81675,29.944057,16.003805,4.373483,-4.060354,-8.988867,-10.658941,-9.755724,-7.2208147
New_MVP_022.wav,MVP,./Dataset/Spectrograms_MVP\MVP\New_MVP_022.png,-480.9835,79.10303,71.06466,59.206097,45.14289,30.442072,16.593416,4.9289956,-3.628917,-8.762294,-10.717285,-10.130287,-7.8693404
New_MVP_023.wav,MVP,./Dataset/Spectrograms_MVP\MVP\New_MVP_023.png,-483.28897,78.83355,70.725876,58.611427,44.167446,29.15917,15.2072315,3.6354218,-4.6730137,-9.400337,-10.81908,-9.670676,-6.946387
New_MVP_024.wav,MVP,./Dataset/Spectrograms_MVP\MVP\New_MVP_024.png,-486.8709,78.47581,70.797325,59.12789,44.95747,30.008686,15.959676,4.190098,-4.4042406,-9.498314,-11.317713,-10.524348,-8.03883
New_MVP_025.wav,MVP,./Dataset/Spectrograms_MVP\MVP\New_MVP_025.png,-485.896,78.62907,70.76052,58.823833,44.371513,29.192902,15.022017,3.270883,-5.163214,-9.985229,-11.475795,-10.365091,-7.640545
New_MVP_026.wav,MVP,./Dataset/Spectrograms_MVP\MVP\New_MVP_026.png,-478.64545,77.483086,69.90681,58.392506,44.411255,29.665676,15.817017,4.2338853,-4.192447,-9.136615,-10.822169,-9.910969,-7.328276
New_MVP_027.wav,MVP,./Dataset/Spectrograms_MVP\MVP\New_MVP_027.png,-477.3081,77.86689,70.16716,58.471508,44.282665,29.33881,15.333911,3.6605701,-4.7788596,-9.6622925,-11.229571,-10.167949,-7.431647
New_MVP_028.wav,MVP,./Dataset/Spectrograms_MVP\MVP\New_MVP_028.png,-481.94846,75.303,67.878044,56.60063,42.919556,28.507929,14.992448,3.705524,-4.4951944,-9.310549,-10.9783745,-10.159569,-7.7619987
New_MVP_029.wav,MVP,./Dataset/Spectrograms_MVP\MVP\New_MVP_029.png,-487.33636,77.67651,69.870865,58.067314,43.837807,28.967209,15.153928,3.7517753,-4.403459,-9.061426,-10.519162,-9.495369,-6.9471984
New_MVP_030.wav,MVP,./Dataset/Spectrograms_MVP\MVP\New_MVP_030.png,-450.9126,86.42124,76.712204,62.12027,44.71989,26.861544,10.7587385,-1.8779136,-10.088951,-13.753964,-13.5122,-10.544794,-6.2749615
New_MVP_031.wav,MVP,./Dataset/Spectrograms_MVP\MVP\New_MVP_031.png,-453.34467,89.19338,78.98483,63.67254,45.471207,26.879202,10.232378,-2.687338,-10.912059,-14.371803,-13.797234,-10.475588,-5.9235826
New_MVP_032.wav,MVP,./Dataset/Spectrograms_MVP\MVP\New_MVP_032.png,-450.92606,87.13448,77.124016,62.114845,44.286858,26.099514,9.852342,-2.701402,-10.61244,-13.819919,-13.056978,-9.610623,-4.9980073
New_MVP_033.wav,MVP,./Dataset/Spectrograms_MVP\MVP\New_MVP_033.png,-453.57645,88.52686,78.26516,62.896515,44.673336,26.128857,9.61952,-3.0739088,-11.007915,-14.155043,-13.296606,-9.766476,-5.1130896
New_MVP_034.wav,MVP,./Dataset/Spectrograms_MVP\MVP\New_MVP_034.png,-451.16537,87.52944,77.53785,62.55185,44.73984,26.547333,10.259708,-2.3811796,-10.431579,-13.82755,-13.2891245,-10.080643,-5.6898494
New_MVP_035.wav,MVP,./Dataset/Spectrograms_MVP\MVP\New_MVP_035.png,-454.20447,88.25887,78.10339,62.88179,44.810017,26.384634,9.93458,-2.7712781,-10.783756,-14.055077,-13.338143,-9.938467,-5.383404
New_MVP_036.wav,MVP,./Dataset/Spectrograms_MVP\MVP\New_MVP_036.png,-452.77725,88.607315,78.45805,63.238457,45.15512,26.69701,10.190596,-2.590472,-10.684998,-14.028149,-13.35475,-9.9559965,-5.353039
New_MVP_037.wav,MVP,./Dataset/Spectrograms_MVP\MVP\New_MVP_037.png,-451.1755,88.98132,78.62309,63.11963,44.755775,26.098383,9.530779,-3.1523685,-11.009429,-14.029521,-13.020574,-9.346326,-4.5812263
New_MVP_038.wav,MVP,./Dataset/Spectrograms_MVP\MVP\New_MVP_038.png,-450.26385,88.11757,78.11061,63.080833,45.177937,26.83522,10.3403845,-2.544113,-10.837682,-14.431066,-14.00194,-10.787169,-6.2706323
New_MVP_039.wav,MVP,./Dataset/Spectrograms_MVP\MVP\New_MVP_039.png,-450.32242,87.94704,77.81506,62.62903,44.60034,26.220968,9.816271,-2.846416,-10.816991,-14.044511,-13.277382,-9.816726,-5.1872888
New_MVP_040.wav,MVP,./Dataset/Spectrograms_MVP\MVP\New_MVP_040.png,-447.43552,88.90147,78.43556,62.79755,44.325447,25.636467,9.14617,-3.3469281,-10.927951,-13.637088,-12.3448,-8.473126,-3.6365519
New_MVP_041.wav,MVP,./Dataset/Spectrograms_MVP\MVP\New_MVP_041.png,-449.25592,89.723694,79.42281,63.98362,45.65351,26.963505,10.27339,-2.6257222,-10.773518,-14.121864,-13.431514,-10.020346,-5.4290395
New_MVP_042.wav,MVP,./Dataset/Spectrograms_MVP\MVP\New_MVP_042.png,-447.31595,87.04891,77.38385,62.834206,45.43856,27.515358,11.261361,-1.606786,-10.099834,-14.049762,-14.041917,-11.211259,-6.9552245
New_MVP_043.wav,MVP,./Dataset/Spectrograms_MVP\MVP\New_MVP_043.png,-447.21118,87.71154,77.60364,62.451958,44.46109,26.116388,9.738838,-2.9051993,-10.862968,-14.078266,-13.293585,-9.805845,-5.139387
New_MVP_044.wav,MVP,./Dataset/Spectrograms_MVP\MVP\New_MVP_044.png,-450.23505,87.82168,77.647896,62.40003,44.29941,25.84883,9.383492,-3.3217924,-11.312377,-14.53563,-13.740793,-10.232164,-5.540209
New_MVP_045.wav,MVP,./Dataset/Spectrograms_MVP\MVP\New_MVP_045.png,-451.28516,89.3303,79.04967,63.638916,45.339973,26.680065,10.018968,-2.847818,-10.952327,-14.238254,-13.461224,-9.940211,-5.2248907
New_MVP_046.wav,MVP,./Dataset/Spectrograms_MVP\MVP\New_MVP_046.png,-448.47498,86.82955,76.83702,61.864586,44.09767,25.996122,9.85101,-2.6024122,-10.439603,-13.625131,-12.910751,-9.588598,-5.163926
New_MVP_047.wav,MVP,./Dataset/Spectrograms_MVP\MVP\New_MVP_047.png,-448.469,90.51233,79.662,63.619427,44.861866,25.99944,9.359294,-3.31712,-11.102404,-13.999933,-12.866676,-9.130932,-4.405038
New_MVP_048.wav,MVP,./Dataset/Spectrograms_MVP\MVP\New_MVP_048.png,-451.78375,89.01248,78.533966,62.859646,44.311127,25.493538,8.820985,-3.895558,-11.715824,-14.646926,-13.526532,-9.75263,-4.930607
New_MVP_049.wav,MVP,./Dataset/Spectrograms_MVP\MVP\New_MVP_049.png,-448.8346,89.33998,79.087715,63.722523,45.482452,26.887547,10.286588,-2.538863,-10.63539,-13.9584,-13.268594,-9.880369,-5.328032
New_MVP_050.wav,MVP,./Dataset/Spectrograms_MVP\MVP\New_MVP_050.png,-453.16107,89.042,78.42933,62.589577,43.910995,25.057938,8.476232,-4.029904,-11.563889,-14.199889,-12.845035,-8.947722,-4.129748
New_MVP_051.wav,MVP,./Dataset/Spectrograms_MVP\MVP\New_MVP_051.png,-448.55975,91.22707,80.17935,63.72148,44.37612,24.94999,8.006226,-4.5856194,-11.930362,-14.168922,-12.323337,-7.975891,-2.8673713
New_MVP_052.wav,MVP,./Dataset/Spectrograms_MVP\MVP\New_MVP_052.png,-452.1288,90.780205,80.075035,64.182594,45.508698,26.62657,9.851796,-3.0706334,-11.183608,-14.422935,-13.556877,-9.942213,-5.163168
New_MVP_053.wav,MVP,./Dataset/Spectrograms_MVP\MVP\New_MVP_053.png,-449.4161,89.008705,78.85677,63.63686,45.55948,27.115557,10.629613,-2.1311867,-10.2156105,-13.569786,-12.937187,-9.612261,-5.1121264
New_MVP_054.wav,MVP,./Dataset/Spectrograms_MVP\MVP\New_MVP_054.png,-452.13455,84.70736,75.23778,61.00785,44.04322,26.638166,10.951952,-1.3487158,-9.331881,-12.885606,-12.639608,-9.751725,-5.614373
New_MVP_055.wav,MVP,./Dataset/Spectrograms_MVP\MVP\New_MVP_055.png,-452.19873,85.28053,75.64492,61.17196,43.93122,26.266626,10.383478,-2.0177038,-9.989856,-13.427603,-12.987804,-9.870987,-5.5197554
New_MVP_056.wav,MVP,./Dataset/Spectrograms_MVP\MVP\New_MVP_056.png,-454.7248,91.46788,80.54842,64.25714,45.060417,25.710827,8.735219,-4.00485,-11.591585,-14.119158,-12.551777,-8.418671,-3.426205
New_MVP_057.wav,MVP,./Dataset/Spectrograms_MVP\MVP\New_MVP_057.png,-450.32208,89.45638,79.10585,63.60104,45.210518,26.486616,9.804902,-3.0380208,-11.089025,-14.319259,-13.517232,-10.031031,-5.4267454
New_MVP_058.wav,MVP,./Dataset/Spectrograms_MVP\MVP\New_MVP_058.png,-452.45468,90.15427,79.3847,63.29907,44.3105,25.119205,8.215362,-4.5498204,-12.23892,-14.9008665,-13.440314,-9.327832,-4.2273526
New_MVP_059.wav,MVP,./Dataset/Spectrograms_MVP\MVP\New_MVP_059.png,-451.87387,89.37279,78.93562,63.325207,44.855522,26.12147,9.52514,-3.1344342,-10.926487,-13.862547,-12.777543,-9.05876,-4.2940483
New_MVP_060.wav,MVP,./Dataset/Spectrograms_MVP\MVP\New_MVP_060.png,-447.74835,86.446045,76.45215,61.467777,43.66867,25.508953,9.282242,-3.2636514,-11.18316,-14.416131,-13.692552,-10.292258,-5.7220554
New_MVP_061.wav,MVP,./Dataset/Spectrograms_MVP\MVP\New_MVP_061.png,-450.91202,87.638695,77.633255,62.623005,44.776276,26.540894,10.20795,-2.47186,-10.544525,-13.9372635,-13.365798,-10.09709,-5.6291304
New_MVP_062.wav,MVP,./Dataset/Spectrograms_MVP\MVP\New_MVP_062.png,-451.3666,87.74474,77.667404,62.559162,44.615524,26.312838,9.9652,-2.6645932,-10.624115,-13.855412,-13.098764,-9.649779,-5.032777
New_MVP_063.wav,MVP,./Dataset/Spectrograms_MVP\MVP\New_MVP_063.png,-451.45346,87.01632,77.20088,62.448494,44.857384,26.808237,10.54741,-2.183869,-10.403387,-13.981204,-13.564032,-10.358419,-5.8282294
New_MVP_064.wav,MVP,./Dataset/Spectrograms_MVP\MVP\New_MVP_064.png,-521.4823,76.166756,68.18239,56.11379,41.589325,26.476559,12.569653,1.3055305,-6.438872,-10.434391,-11.063182,-9.17426,-5.868058
New_MVP_065.wav,MVP,./Dataset/Spectrograms_MVP\MVP\New_MVP_065.png,-521.59143,75.83055,67.880615,55.870087,41.427246,26.41752,12.629974,1.4930086,-6.1278176,-10.016154,-10.566313,-8.636624,-5.332186
New_MVP_066.wav,MVP,./Dataset/Spectrograms_MVP\MVP\New_MVP_066.png,-517.6519,75.15227,67.42942,55.74404,41.65666,26.959555,13.378701,2.3024998,-5.4128547,-9.52907,-10.393333,-8.802859,-5.8011513
New_MVP_067.wav,MVP,./Dataset/Spectrograms_MVP\MVP\New_MVP_067.png,-527.5066,76.37868,68.3442,56.205975,41.609257,26.438438,12.499847,1.2345078,-6.4858885,-10.445564,-11.044761,-9.150492,-5.8761625
New_MVP_068.wav,MVP,./Dataset/Spectrograms_MVP\MVP\New_MVP_068.png,-518.5075,74.636116,67.00942,55.4649,41.53731,26.989088,13.517288,2.487527,-5.2564135,-9.4755125,-10.502474,-9.108011,-6.30109
New_MVP_069.wav,MVP,./Dataset/Spectrograms_MVP\MVP\New_MVP_069.png,-525.9769,76.617546,68.63881,56.57475,42.047077,26.91531,12.965646,1.6291043,-6.219112,-10.345544,-11.121046,-9.37676,-6.1908193
New_MVP_070.wav,MVP,./Dataset/Spectrograms_MVP\MVP\New_MVP_070.png,-522.83966,76.17712,68.292755,56.365643,41.992577,27.0079,13.178543,1.9263804,-5.8712635,-9.969847,-10.725032,-8.95459,-5.730198
New_MVP_071.wav,MVP,./Dataset/Spectrograms_MVP\MVP\New_MVP_071.png,-524.6684,74.39095,66.68991,55.04282,41.012215,26.391788,12.90736,1.9451191,-5.6430516,-9.624699,-10.353397,-8.632133,-5.5086217
New_MVP_072.wav,MVP,./Dataset/Spectrograms_MVP\MVP\New_MVP_072.png,-517.5717,76.22509,68.35044,56.441475,42.09711,27.153107,13.376286,2.1864088,-5.543373,-9.57422,-10.26824,-8.449525,-5.1952686
New_MVP_073.wav,MVP,./Dataset/Spectrograms_MVP\MVP\New_MVP_073.png,-518.15045,77.41329,69.29338,57.01828,42.242207,26.86295,12.704687,1.229899,-6.666673,-10.747645,-11.396761,-9.473237,-6.0940127
New_MVP_074.wav,MVP,./Dataset/Spectrograms_MVP\MVP\New_MVP_074.png,-514.9582,75.76021,67.91386,56.0341,41.69888,26.724718,12.86769,1.550007,-6.3381634,-10.528873,-11.348943,-9.588881,-6.3020296
New_MVP_075.wav,MVP,./Dataset/Spectrograms_MVP\MVP\New_MVP_075.png,-520.4807,75.868225,67.87658,55.7962,41.25617,26.125393,12.200373,0.9215859,-6.829174,-10.816883,-11.417606,-9.475329,-6.0881233
New_MVP_076.wav,MVP,./Dataset/Spectrograms_MVP\MVP\New_MVP_076.png,-519.1819,75.78701,68.006584,56.21636,41.968536,27.052132,13.19994,1.8201141,-6.199146,-10.579672,-11.62826,-10.10994,-7.0521517
New_MVP_077.wav,MVP,./Dataset/Spectrograms_MVP\MVP\New_MVP_077.png,-527.9562,78.17977,70.192,58.092255,43.479683,28.196268,14.024208,2.4089038,-5.7422633,-10.152242,-11.1475115,-9.526189,-6.3548846
New_MVP_078.wav,MVP,./Dataset/Spectrograms_MVP\MVP\New_MVP_078.png,-518.2955,75.0426,67.24449,55.443233,41.212353,26.36005,12.629365,1.4254457,-6.380335,-10.53689,-11.381652,-9.7057295,-6.550993
New_MVP_079.wav,MVP,./Dataset/Spectrograms_MVP\MVP\New_MVP_079.png,-520.4704,76.80831,68.62476,56.33255,41.641525,26.438608,12.47752,1.1392024,-6.725471,-10.870323,-11.637391,-9.840614,-6.5635643
New_MVP_080.wav,MVP,./Dataset/Spectrograms_MVP\MVP\New_MVP_080.png,-518.9926,75.24771,67.450165,55.6617,41.468445,26.687449,13.061372,1.9822494,-5.704411,-9.782383,-10.625886,-9.055918,-6.1287465
New_MVP_081.wav,MVP,./Dataset/Spectrograms_MVP\MVP\New_MVP_081.png,-522.48956,78.35429,70.06249,57.57778,42.62469,27.139997,12.944551,1.4702234,-6.419585,-10.50091,-11.152414,-9.222551,-5.824957
New_MVP_082.wav,MVP,./Dataset/Spectrograms_MVP\MVP\New_MVP_082.png,-519.41113,74.58745,66.935135,55.36019,41.412693,26.871191,13.445723,2.5085528,-5.098105,-9.145121,-9.981759,-8.398962,-5.4258995
New_MVP_083.wav,MVP,./Dataset/Spectrograms_MVP\MVP\New_MVP_083.png,-521.1162,76.26489,68.30324,56.275078,41.807514,26.759098,12.905792,1.6602716,-6.123684,-10.230145,-11.037502,-9.371674,-6.294334
New_MVP_084.wav,MVP,./Dataset/Spectrograms_MVP\MVP\New_MVP_084.png,-519.45013,75.123245,67.33765,55.552074,41.33465,26.489553,12.759321,1.5528125,-6.251508,-10.394465,-11.207661,-9.481764,-6.2654705
New_MVP_085.wav,MVP,./Dataset/Spectrograms_MVP\MVP\New_MVP_085.png,-522.0263,77.422905,69.16471,56.692715,41.70363,26.141012,11.868162,0.371895,-7.448145,-11.369217,-11.805016,-9.6524725,-6.0651174
New_MVP_086.wav,MVP,./Dataset/Spectrograms_MVP\MVP\New_MVP_086.png,-521.72644,78.18943,69.9695,57.54888,42.608505,27.07462,12.795313,1.2472429,-6.6731668,-10.739046,-11.353606,-9.399069,-6.012655
New_MVP_087.wav,MVP,./Dataset/Spectrograms_MVP\MVP\New_MVP_087.png,-522.4972,76.62435,68.67788,56.66867,42.219124,27.18804,13.358254,2.1537864,-5.5612483,-9.568169,-10.254951,-8.469971,-5.305805
New_MVP_088.wav,MVP,./Dataset/Spectrograms_MVP\MVP\New_MVP_088.png,-520.101,73.94954,66.37195,54.909817,41.097977,26.69779,13.403285,2.57455,-4.952775,-8.950027,-9.761626,-8.170154,-5.195297
New_MVP_089.wav,MVP,./Dataset/Spectrograms_MVP\MVP\New_MVP_089.png,-526.07245,75.94278,68.09,56.213913,41.907925,26.99995,13.246923,2.0573628,-5.706774,-9.815894,-10.637149,-8.993318,-5.9523954
New_MVP_090.wav,MVP,./Dataset/Spectrograms_MVP\MVP\New_MVP_090.png,-520.19763,75.911766,68.071396,56.2058,41.897137,26.964693,13.163717,1.910861,-5.9138384,-10.055599,-10.85468,-9.112016,-5.885303
New_MVP_091.wav,MVP,./Dataset/Spectrograms_MVP\MVP\New_MVP_091.png,-520.5304,78.29263,70.13524,57.805817,42.96824,27.52944,13.319364,1.8008995,-6.1366034,-10.265558,-10.980959,-9.15079,-5.8944473
New_MVP_092.wav,MVP,./Dataset/Spectrograms_MVP\MVP\New_MVP_092.png,-518.73486,74.990456,67.16816,55.33601,41.07861,26.214386,12.492531,1.3179958,-6.4447265,-10.556495,-11.36849,-9.683351,-6.5485654
New_MVP_093.wav,MVP,./Dataset/Spectrograms_MVP\MVP\New_MVP_093.png,-522.4689,77.203026,69.16588,57.01877,42.402565,27.199137,13.216387,1.9020956,-5.8605566,-9.841653,-10.427937,-8.477281,-5.101406
New_MVP_094.wav,MVP,./Dataset/Spectrograms_MVP\MVP\New_MVP_094.png,-514.44446,74.49501,66.802925,55.166992,41.145214,26.52671,13.034023,2.05236,-5.564598,-9.579998,-10.341203,-8.644457,-5.531627
New_MVP_095.wav,MVP,./Dataset/Spectrograms_MVP\MVP\New_MVP_095.png,-517.21515,75.48195,67.65627,55.826252,41.58437,26.754374,13.085855,1.9790514,-5.7096505,-9.750178,-10.502065,-8.7755995,-5.62674
New_MVP_096.wav,MVP,./Dataset/Spectrograms_MVP\MVP\New_MVP_096.png,-522.19037,75.04759,67.28433,55.56979,41.498066,26.875538,13.414617,2.4693985,-5.1420865,-9.206693,-10.075515,-8.53115,-5.5935454
New_MVP_097.wav,MVP,./Dataset/Spectrograms_MVP\MVP\New_MVP_097.png,-523.4345,76.63047,68.638756,56.55642,42.01018,26.866245,12.918405,1.6046816,-6.1952033,-10.24788,-10.930562,-9.087608,-5.816237
New_MVP_098.wav,MVP,./Dataset/Spectrograms_MVP\MVP\New_MVP_098.png,-482.57196,124.18569,110.84824,90.76714,66.72936,41.874416,19.150143,0.85138404,-11.677534,-18.140554,-19.19643,-16.215714,-10.948607
New_MVP_099.wav,MVP,./Dataset/Spectrograms_MVP\MVP\New_MVP_099.png,-457.02698,121.10161,107.02071,86.35672,62.326065,38.134865,16.559988,-0.28945994,-11.217018,-16.129885,-15.979447,-12.409577,-7.2865515
New_MVP_100.wav,MVP,./Dataset/Spectrograms_MVP\MVP\New_MVP_100.png,-457.8575,121.67415,108.33456,88.47039,64.96602,40.87751,18.967697,1.3867207,-10.568594,-16.609728,-17.437605,-14.4991255,-9.588838
New_MVP_101.wav,MVP,./Dataset/Spectrograms_MVP\MVP\New_MVP_101.png,-487.6061,125.12469,110.24096,89.51018,65.49031,40.75472,18.390905,0.710704,-11.161763,-16.971325,-17.467535,-14.212223,-9.020188
New_MVP_102.wav,MVP,./Dataset/Spectrograms_MVP\MVP\New_MVP_102.png,-462.06952,120.46511,107.79177,88.64414,65.61465,41.670597,19.653708,1.828096,-10.4396925,-16.814995,-17.930464,-15.150363,-10.2242985
New_MVP_103.wav,MVP,./Dataset/Spectrograms_MVP\MVP\New_MVP_103.png,-490.36868,126.14283,112.40622,91.78964,67.21559,41.931107,18.939508,0.54297316,-11.937682,-18.248537,-19.107536,-15.960912,-10.637967
New_MVP_104.wav,MVP,./Dataset/Spectrograms_MVP\MVP\New_MVP_104.png,-518.3846,105.651505,93.22568,74.60024,52.48719,29.9457,9.835244,-5.6644125,-15.372798,-19.212772,-18.092794,-13.609229,-7.6460714
New_MVP_105.wav,MVP,./Dataset/Spectrograms_MVP\MVP\New_MVP_105.png,-518.555,125.56796,111.20466,90.16001,65.4047,39.90945,16.610798,-1.9857349,-14.41075,-20.419321,-20.765642,-16.941254,-10.892216
New_MVP_106.wav,MVP,./Dataset/Spectrograms_MVP\MVP\New_MVP_106.png,-544.05865,126.09509,112.062386,90.972786,65.8049,39.90893,16.422792,-2.2239637,-14.633676,-20.551943,-20.770466,-16.858652,-10.785254
New_MVP_107.wav,MVP,./Dataset/Spectrograms_MVP\MVP\New_MVP_107.png,-569.2905,136.00517,120.508064,97.22661,69.48421,41.046574,15.459605,-4.5374293,-17.41098,-22.975851,-22.270222,-17.208534,-10.101729
New_MVP_108.wav,MVP,./Dataset/Spectrograms_MVP\MVP\New_MVP_108.png,-577.2382,135.60251,120.08584,96.78509,69.038925,40.62693,15.103057,-4.7938585,-17.53914,-22.962698,-22.12044,-16.94357,-9.756226
New_MVP_109.wav,MVP,./Dataset/Spectrograms_MVP\MVP\New_MVP_109.png,-589.0671,110.109726,97.296646,78.24431,55.800056,33.02083,12.673097,-3.143378,-13.261389,-17.572186,-16.949202,-12.960416,-7.455035
New_MVP_110.wav,MVP,./Dataset/Spectrograms_MVP\MVP\New_MVP_110.png,-590.27167,113.026596,97.812546,78.598946,56.07616,33.08123,12.6361,-3.1604755,-13.23615,-17.430164,-16.734112,-12.715282,-7.2116013
New_MVP_111.wav,MVP,./Dataset/Spectrograms_MVP\MVP\New_MVP_111.png,-595.3093,117.15109,101.946396,79.38862,52.954323,26.383764,3.0173943,-14.685714,-25.426195,-29.149677,-26.935879,-20.690619,-12.686806
New_MVP_112.wav,MVP,./Dataset/Spectrograms_MVP\MVP\New_MVP_112.png,-574.74744,109.63792,94.906166,74.27933,50.242332,25.75843,4.0601964,-12.61751,-23.008823,-26.902758,-25.265688,-19.793835,-12.525588
New_MVP_113.wav,MVP,./Dataset/Spectrograms_MVP\MVP\New_MVP_113.png,-612.9839,120.417885,104.97412,82.035515,55.121216,28.042944,4.226384,-13.796632,-24.688843,-28.401348,-26.057177,-19.629148,-11.463225
New_MVP_114.wav,MVP,./Dataset/Spectrograms_MVP\MVP\New_MVP_114.png,-574.13544,109.99384,95.54406,74.83462,50.75061,26.261156,4.4798155,-12.200623,-22.570143,-26.497295,-24.891344,-19.46374,-12.238074
New_MVP_115.wav,MVP,./Dataset/Spectrograms_MVP\MVP\New_MVP_115.png,-576.14594,109.09926,95.41025,74.95006,50.75338,26.201626,4.4115453,-12.273847,-22.60117,-26.49039,-24.897833,-19.508753,-12.333511
New_MVP_116.wav,MVP,./Dataset/Spectrograms_MVP\MVP\New_MVP_116.png,-572.7479,109.352196,95.050735,74.463936,50.62599,26.489086,5.0055075,-11.445916,-21.67149,-25.63608,-24.212044,-19.008123,-12.020371
New_MVP_117.wav,MVP,./Dataset/Spectrograms_MVP\MVP\New_MVP_117.png,-578.8542,110.06997,96.409325,75.920166,51.574825,26.7391,4.5787764,-12.466651,-23.041735,-27.002909,-25.306116,-19.695107,-12.270478
New_MVP_118.wav,MVP,./Dataset/Spectrograms_MVP\MVP\New_MVP_118.png,-598.0261,117.83356,101.10568,78.828064,52.96961,26.929619,3.9351394,-13.389303,-23.880913,-27.515985,-25.349773,-19.272205,-11.497718
New_MVP_119.wav,MVP,./Dataset/Spectrograms_MVP\MVP\New_MVP_119.png,-578.5423,108.87481,95.40834,75.2078,51.19967,26.697716,4.819017,-12.03354,-22.522686,-26.502142,-24.906227,-19.444153,-12.177617
New_MVP_120.wav,MVP,./Dataset/Spectrograms_MVP\MVP\New_MVP_120.png,-579.7964,111.22388,96.16046,75.37841,51.17229,26.62287,4.885752,-11.861446,-22.230717,-26.101246,-24.467266,-19.01972,-11.835813
New_MVP_121.wav,MVP,./Dataset/Spectrograms_MVP\MVP\New_MVP_121.png,-585.167,150.1524,116.73928,72.168884,28.485128,-4.481317,-22.12614,-25.594442,-19.99059,-11.474111,-4.7179036,-1.7153312,-2.0586014
New_MVP_122.wav,MVP,./Dataset/Spectrograms_MVP\MVP\New_MVP_122.png,-560.59283,140.58061,110.33482,69.63174,29.130167,-2.2318435,-19.923935,-24.46129,-20.052336,-12.177422,-5.3154554,-1.7086545,-1.3817745
New_MVP_123.wav,MVP,./Dataset/Spectrograms_MVP\MVP\New_MVP_123.png,-537.414,124.30247,106.05415,79.87658,50.82658,23.890764,2.8163357,-10.555674,-16.363026,-16.300488,-12.903728,-8.758973,-5.8360357
New_MVP_124.wav,MVP,./Dataset/Spectrograms_MVP\MVP\New_MVP_124.png,-526.745,131.02936,108.42106,81.58612,52.13319,24.894588,3.3969953,-10.298922,-16.173864,-16.055025,-12.531494,-8.248315,-5.2158923
New_MVP_125.wav,MVP,./Dataset/Spectrograms_MVP\MVP\New_MVP_125.png,-495.14127,121.39309,103.84972,78.634415,50.542297,24.319473,3.5929585,-9.756719,-15.721892,-15.851761,-12.611324,-8.589075,-5.7799983
New_MVP_126.wav,MVP,./Dataset/Spectrograms_MVP\MVP\New_MVP_126.png,-494.27957,126.64937,107.679695,80.57941,50.6794,23.176588,1.9364328,-11.174142,-16.373566,-15.554782,-11.523843,-7.098936,-4.3340535
New_MVP_127.wav,MVP,./Dataset/Spectrograms_MVP\MVP\New_MVP_127.png,-465.67728,131.51543,110.869835,82.72147,52.148212,23.853958,1.9621781,-11.504144,-16.878456,-16.019686,-11.739207,-6.982117,-3.8825397
New_MVP_128.wav,MVP,./Dataset/Spectrograms_MVP\MVP\New_MVP_128.png,-460.6757,131.49164,109.649315,81.4142,50.590973,22.502304,0.94716454,-12.045887,-16.820513,-15.534327,-11.161583,-6.5070915,-3.5974028
New_MVP_129.wav,MVP,./Dataset/Spectrograms_MVP\MVP\New_MVP_129.png,-461.38654,132.07166,111.45827,82.09284,49.939144,20.8393,-0.9529218,-13.622744,-17.834774,-16.06012,-11.509702,-7.0736794,-4.5952754
New_MVP_130.wav,MVP,./Dataset/Spectrograms_MVP\MVP\New_MVP_130.png,-477.0103,123.08989,104.815254,78.66809,49.716003,22.913252,2.0135138,-11.064203,-16.391678,-15.721818,-11.778123,-7.347715,-4.491984
New_MVP_131.wav,MVP,./Dataset/Spectrograms_MVP\MVP\New_MVP_131.png,-537.92633,127.83291,109.26022,82.43463,52.40696,24.325605,2.2311783,-11.748159,-17.613766,-17.131279,-13.058748,-8.2408,-4.843539
New_MVP_132.wav,MVP,./Dataset/Spectrograms_MVP\MVP\New_MVP_132.png,-515.4165,128.86412,109.56045,82.33151,52.44932,24.674297,2.6015375,-11.677006,-17.898632,-17.625616,-13.591778,-8.677579,-5.08403
New_MVP_133.wav,MVP,./Dataset/Spectrograms_MVP\MVP\New_MVP_133.png,-491.44394,126.27768,105.86173,79.26907,50.167747,23.079514,1.8462586,-11.710342,-17.404755,-16.956074,-13.033783,-8.378335,-5.0914774
New_MVP_134.wav,MVP,./Dataset/Spectrograms_MVP\MVP\New_MVP_134.png,-490.53226,127.4373,108.546585,81.35329,51.07035,22.956282,1.0703607,-12.526655,-17.951122,-17.084051,-12.764176,-7.867217,-4.5433807
New_MVP_135.wav,MVP,./Dataset/Spectrograms_MVP\MVP\New_MVP_135.png,-466.0024,131.27338,111.40229,82.977356,51.61346,22.852076,0.8324272,-12.4920435,-17.454609,-16.1735,-11.672909,-6.91529,-4.0213447
New_MVP_136.wav,MVP,./Dataset/Spectrograms_MVP\MVP\New_MVP_136.png,-461.00684,133.01202,110.111725,80.86562,49.537277,21.227415,-0.22959143,-12.872778,-17.062126,-15.228038,-10.47151,-5.744064,-3.0520763
New_MVP_137.wav,MVP,./Dataset/Spectrograms_MVP\MVP\New_MVP_137.png,-476.0462,137.22925,115.5176,84.67627,51.015404,20.633614,-2.0748737,-15.223133,-19.432873,-17.185078,-11.812959,-6.460453,-3.2859862
New_MVP_138.wav,MVP,./Dataset/Spectrograms_MVP\MVP\New_MVP_138.png,-503.9613,127.93245,109.03555,81.78766,51.377655,23.081182,1.0146577,-12.692412,-18.111706,-17.12377,-12.606682,-7.494908,-3.9958596
New_MVP_139.wav,MVP,./Dataset/Spectrograms_MVP\MVP\New_MVP_139.png,-535.87915,129.75705,109.89924,82.73336,52.91344,24.98856,3.1021082,-10.67046,-16.508867,-16.151213,-12.354369,-7.940242,-4.9511976
New_MVP_140.wav,MVP,./Dataset/Spectrograms_MVP\MVP\New_MVP_140.png,-511.74896,131.92905,109.13214,81.5789,51.131413,23.371325,1.8701227,-11.507931,-16.989956,-16.40003,-12.497225,-8.076195,-5.1895647
New_MVP_141.wav,MVP,./Dataset/Spectrograms_MVP\MVP\New_MVP_141.png,-486.7872,126.083824,105.003204,78.92863,50.22288,23.501043,2.6208446,-10.567542,-16.089102,-15.516803,-11.576745,-7.00328,-3.9460793
New_MVP_142.wav,MVP,./Dataset/Spectrograms_MVP\MVP\New_MVP_142.png,-474.5613,126.05382,106.94033,80.25787,50.97444,23.664572,2.1567461,-11.402576,-17.113348,-16.77734,-13.002302,-8.488762,-5.3378587
New_MVP_143.wav,MVP,./Dataset/Spectrograms_MVP\MVP\New_MVP_143.png,-464.34442,130.13603,109.82139,81.0427,49.6751,21.279158,-0.19383991,-13.030039,-17.72256,-16.423782,-12.072679,-7.454694,-4.4879446
New_MVP_144.wav,MVP,./Dataset/Spectrograms_MVP\MVP\New_MVP_144.png,-467.7205,135.1401,113.5066,82.91673,49.721363,19.957764,-2.089153,-14.629247,-18.367615,-15.874587,-10.547066,-5.498432,-2.7468908
New_MVP_145.wav,MVP,./Dataset/Spectrograms_MVP\MVP\New_MVP_145.png,-474.98752,120.478226,103.03574,77.834145,49.606934,23.178349,2.3317158,-10.944629,-16.656279,-16.452137,-12.894493,-8.612534,-5.599881
New_MVP_146.wav,MVP,./Dataset/Spectrograms_MVP\MVP\New_MVP_146.png,-531.3444,122.25282,104.746475,79.39946,50.916115,24.121883,2.8442843,-10.849455,-16.877548,-16.825285,-13.238329,-8.779914,-5.511557
New_MVP_147.wav,MVP,./Dataset/Spectrograms_MVP\MVP\New_MVP_147.png,-514.4533,127.22426,108.10084,80.90565,50.993156,23.436531,1.9677037,-11.546518,-17.196484,-16.738447,-12.918922,-8.55741,-5.718724
New_MVP_148.wav,MVP,./Dataset/Spectrograms_MVP\MVP\New_MVP_148.png,-503.21463,125.46453,107.10338,80.64819,51.14341,23.687477,2.2267098,-11.225725,-16.771042,-16.228897,-12.351765,-7.9238577,-5.0135326
New_MVP_149.wav,MVP,./Dataset/Spectrograms_MVP\MVP\New_MVP_149.png,-499.90656,130.42393,109.61238,80.752014,49.555153,21.150787,-0.4368472,-13.174278,-17.533773,-15.857079,-11.220463,-6.527869,-3.8114083
New_MVP_150.wav,MVP,./Dataset/Spectrograms_MVP\MVP\New_MVP_150.png,-467.19162,131.74834,111.44517,82.757416,51.49162,23.033281,1.2179277,-12.177058,-17.452314,-16.577179,-12.400347,-7.7119794,-4.514143
New_MVP_151.wav,MVP,./Dataset/Spectrograms_MVP\MVP\New_MVP_151.png,-460.65164,132.69446,110.282745,80.791565,48.557323,19.653204,-1.8078126,-14.07093,-17.892443,-15.771303,-10.922541,-6.228616,-3.5727537
New_MVP_152.wav,MVP,./Dataset/Spectrograms_MVP\MVP\New_MVP_152.png,-464.721,133.14668,112.36332,82.6915,50.095886,20.467335,-1.8378198,-14.872149,-19.183775,-17.19268,-12.153915,-7.092865,-4.0400844
New_MVP_153.wav,MVP,./Dataset/Spectrograms_MVP\MVP\New_MVP_153.png,-485.75742,116.56793,99.96467,76.13023,49.512115,24.441877,4.2813997,-9.081197,-15.427391,-16.044657,-13.173211,-9.232922,-6.1408997
New_MVP_154.wav,MVP,./Dataset/Spectrograms_MVP\MVP\New_MVP_154.png,-535.705,127.08922,107.58131,80.70282,51.31198,23.879898,2.3347592,-11.20691,-16.930092,-16.5949,-12.812262,-8.333401,-5.205363
New_MVP_155.wav,MVP,./Dataset/Spectrograms_MVP\MVP\New_MVP_155.png,-513.4336,128.30556,109.32791,82.05011,51.740227,23.680073,1.8999618,-11.614852,-17.069744,-16.402601,-12.442101,-7.983237,-5.0563803
New_MVP_156.wav,MVP,./Dataset/Spectrograms_MVP\MVP\New_MVP_156.png,-498.59384,127.25852,108.18243,81.23546,51.508224,23.729984,1.6949124,-12.359055,-18.270905,-17.749226,-13.506876,-8.357108,-4.5566263
New_MVP_157.wav,MVP,./Dataset/Spectrograms_MVP\MVP\New_MVP_157.png,-489.62936,132.3127,111.99997,82.98918,51.07943,21.97857,-0.10194759,-13.267106,-18.000282,-16.564499,-12.03437,-7.311288,-4.4067755
New_MVP_158.wav,MVP,./Dataset/Spectrograms_MVP\MVP\New_MVP_158.png,-463.87738,133.56984,111.29188,82.18187,50.564392,21.899406,0.12362892,-12.977327,-17.788498,-16.597048,-12.393633,-7.9969807,-5.2528243
New_MVP_159.wav,MVP,./Dataset/Spectrograms_MVP\MVP\New_MVP_159.png,-466.84253,135.4314,113.394516,82.30405,48.716682,18.83963,-2.9952526,-15.093712,-18.337011,-15.463165,-9.975321,-5.0202723,-2.5751367
New_MVP_160.wav,MVP,./Dataset/Spectrograms_MVP\MVP\New_MVP_160.png,-471.993,132.004,109.51791,80.76411,49.529,21.07724,-0.55781996,-13.265064,-17.582361,-15.792976,-10.975111,-6.142334,-3.3758578
New_MVP_161.wav,MVP,./Dataset/Spectrograms_MVP\MVP\New_MVP_161.png,-534.7755,123.14083,105.612885,80.25559,51.789433,25.034208,3.7883644,-9.919278,-16.033445,-16.138565,-12.750624,-8.486199,-5.3600974
New_MVP_162.wav,MVP,./Dataset/Spectrograms_MVP\MVP\New_MVP_162.png,-534.56213,129.26077,110.33571,83.38773,53.667725,26.157421,4.5495396,-9.26516,-15.307407,-15.242078,-11.72513,-7.515896,-4.6783266
New_MVP_163.wav,MVP,./Dataset/Spectrograms_MVP\MVP\New_MVP_163.png,-503.50546,125.69717,107.58719,81.37192,51.924854,24.24604,2.3046093,-11.750166,-17.824903,-17.559809,-13.6063,-8.759943,-5.2109785
New_MVP_164.wav,MVP,./Dataset/Spectrograms_MVP\MVP\New_MVP_164.png,-498.5019,126.14656,106.76618,79.94606,50.671513,23.49731,2.279486,-10.925584,-16.3586,-15.8661995,-12.083013,-7.7338166,-4.8326683
New_MVP_165.wav,MVP,./Dataset/Spectrograms_MVP\MVP\New_MVP_165.png,-460.47815,128.69997,108.96133,81.49078,51.494698,23.70763,2.033906,-11.37173,-16.686228,-15.868649,-11.708235,-7.055833,-4.087478
New_MVP_166.wav,MVP,./Dataset/Spectrograms_MVP\MVP\New_MVP_166.png,-461.62863,128.81007,108.36798,80.49272,50.192005,22.239916,0.7858385,-12.250603,-17.26989,-16.177994,-11.827475,-7.0915623,-3.9992347
New_MVP_167.wav,MVP,./Dataset/Spectrograms_MVP\MVP\New_MVP_167.png,-466.5658,133.88098,112.8729,83.00755,50.365807,20.84239,-1.2809002,-14.125724,-18.26271,-16.118351,-10.985695,-5.957657,-3.1062608
New_MVP_168.wav,MVP,./Dataset/Spectrograms_MVP\MVP\New_MVP_168.png,-476.12015,121.18833,103.57862,78.16964,49.771793,23.270372,2.4721584,-10.654998,-16.171064,-15.792604,-12.139938,-7.8730063,-4.980677
New_MVP_169.wav,MVP,./Dataset/Spectrograms_MVP\MVP\New_MVP_169.png,-541.99786,129.34453,109.79462,82.01177,51.45419,23.317799,1.5024891,-11.996439,-17.306898,-16.379377,-12.154694,-7.527614,-4.5502043
New_MVP_170.wav,MVP,./Dataset/Spectrograms_MVP\MVP\New_MVP_170.png,-517.45056,126.576416,108.29335,81.83551,52.13806,24.269499,2.2535663,-11.741894,-17.654493,-17.20029,-13.1257305,-8.301722,-4.9388704
New_MVP_171.wav,MVP,./Dataset/Spectrograms_MVP\MVP\New_MVP_171.png,-497.4673,124.95984,106.602806,80.163635,50.702034,23.33192,2.0009265,-11.302534,-16.726349,-16.134764,-12.291562,-7.9430633,-5.085887
New_MVP_172.wav,MVP,./Dataset/Spectrograms_MVP\MVP\New_MVP_172.png,-488.43616,126.93282,107.8495,80.590164,50.527374,22.893354,1.5607526,-11.620258,-16.87358,-16.05533,-11.907014,-7.2132554,-4.0782948
New_MVP_173.wav,MVP,./Dataset/Spectrograms_MVP\MVP\New_MVP_173.png,-466.75644,131.03482,111.57083,83.54348,52.331154,23.37976,0.9059886,-12.952478,-18.338854,-17.246166,-12.658703,-7.5747766,-4.2111993
New_MVP_174.wav,MVP,./Dataset/Spectrograms_MVP\MVP\New_MVP_174.png,-455.5333,130.826,109.263794,80.85247,49.70722,21.395018,-0.0039026665,-12.771957,-17.28928,-15.811029,-11.2752495,-6.582792,-3.7156658
New_MVP_175.wav,MVP,./Dataset/Spectrograms_MVP\MVP\New_MVP_175.png,-571.87274,145.37823,112.97144,69.95608,27.929615,-3.8903666,-21.2565,-25.170404,-20.258299,-12.220626,-5.50964,-2.1478655,-1.9191254
New_MVP_176.wav,MVP,./Dataset/Spectrograms_MVP\MVP\New_MVP_176.png,-558.41364,152.77657,118.09899,72.52119,28.47612,-4.468172,-22.060633,-25.589808,-20.208998,-12.076114,-5.7147183,-2.8888772,-3.0914383
New_MVP_177.wav,MVP,./Dataset/Spectrograms_MVP\MVP\New_MVP_177.png,-562.501,184.3451,140.53767,86.79864,34.21768,-5.284868,-25.79195,-28.408575,-19.641733,-7.5429564,1.4533818,4.569257,2.5975494
New_MVP_178.wav,MVP,./Dataset/Spectrograms_MVP\MVP\New_MVP_178.png,-552.2614,174.91182,134.98367,85.16952,35.636177,-2.5949934,-23.899044,-28.380426,-21.154003,-9.46376,0.31559253,4.807646,3.9625812
New_MVP_179.wav,MVP,./Dataset/Spectrograms_MVP\MVP\New_MVP_179.png,-595.6901,183.28809,139.39029,84.544716,32.86364,-5.0603,-23.809158,-25.360312,-16.661602,-5.5278482,2.224832,4.5692415,2.793443
New_MVP_180.wav,MVP,./Dataset/Spectrograms_MVP\MVP\New_MVP_180.png,-587.5055,182.35336,138.29196,84.45016,33.488842,-4.315443,-23.975622,-26.604153,-18.522882,-7.350109,1.0014646,4.093599,2.6792305
New_MVP_181.wav,MVP,./Dataset/Spectrograms_MVP\MVP\New_MVP_181.png,-562.97107,167.68396,129.17993,81.75615,35.452106,-0.29250893,-20.426352,-25.12908,-19.19003,-9.093617,-0.44354764,3.7298653,3.338543
New_MVP_182.wav,MVP,./Dataset/Spectrograms_MVP\MVP\New_MVP_182.png,-581.2721,180.83723,138.86792,85.6247,34.24328,-4.29699,-24.419353,-27.257748,-18.973259,-7.383162,1.4738644,4.89051,3.507917
New_MVP_183.wav,MVP,./Dataset/Spectrograms_MVP\MVP\New_MVP_183.png,-583.22534,178.95355,136.63554,84.44633,33.65342,-3.8719428,-23.047932,-25.478348,-17.679289,-7.1674967,0.45241106,3.1813037,2.0346446
New_MVP_184.wav,MVP,./Dataset/Spectrograms_MVP\MVP\New_MVP_184.png,-583.88043,186.26,141.79161,86.79353,34.42984,-4.231144,-23.823374,-25.964176,-17.485104,-6.364186,1.5110456,3.9280806,2.096338
New_MVP_185.wav,MVP,./Dataset/Spectrograms_MVP\MVP\New_MVP_185.png,-572.33856,145.0308,113.06001,70.414635,28.49198,-3.4595957,-21.022114,-25.046947,-20.115107,-11.981407,-5.199851,-1.8697083,-1.7681165
New_MVP_186.wav,MVP,./Dataset/Spectrograms_MVP\MVP\New_MVP_186.png,-556.29517,152.1012,117.5978,72.85735,29.316618,-3.7484596,-21.610403,-25.496767,-20.485144,-12.472577,-6.0229983,-3.0613127,-3.166113
New_MVP_187.wav,MVP,./Dataset/Spectrograms_MVP\MVP\New_MVP_187.png,-571.5484,145.46825,111.955025,69.328415,27.722193,-3.9007435,-21.361912,-25.40203,-20.542233,-12.483855,-5.720729,-2.304461,-2.0501506
New_MVP_188.wav,MVP,./Dataset/Spectrograms_MVP\MVP\New_MVP_188.png,-552.86334,150.56389,117.1927,72.705185,29.12501,-3.7869444,-21.527569,-25.318508,-20.25198,-12.358192,-6.0999393,-3.2725842,-3.3850968
New_MVP_189.wav,MVP,./Dataset/Spectrograms_MVP\MVP\New_MVP_189.png,-530.7282,147.85153,112.27975,68.81232,26.864729,-3.747163,-19.310331,-21.650753,-16.264988,-9.027885,-3.855924,-1.9475642,-2.4620936
New_MVP_190.wav,MVP,./Dataset/Spectrograms_MVP\MVP\New_MVP_190.png,-523.1261,141.59845,108.52116,67.91295,28.053955,-1.8697236,-17.974546,-21.384449,-16.81066,-9.724956,-4.1806407,-1.7846076,-2.1012614
New_MVP_191.wav,MVP,./Dataset/Spectrograms_MVP\MVP\New_MVP_191.png,-437.04855,132.9478,112.06556,82.66612,51.07104,23.25118,3.2564032,-7.5625033,-10.386534,-8.023649,-3.702965,-0.02907829,1.5954617
New_MVP_192.wav,MVP,./Dataset/Spectrograms_MVP\MVP\New_MVP_192.png,-433.7859,137.06136,114.479935,83.24452,50.38028,22.081314,2.2592564,-8.016888,-10.272069,-7.6656737,-3.6304185,-0.6877278,0.08152211
New_MVP_193.wav,MVP,./Dataset/Spectrograms_MVP\MVP\New_MVP_193.png,-469.83258,147.33662,120.76075,86.46972,50.759922,20.355015,-0.20858015,-10.115518,-11.169607,-7.174459,-2.1003458,1.214577,1.664003
New_MVP_194.wav,MVP,./Dataset/Spectrograms_MVP\MVP\New_MVP_194.png,-406.4815,129.38362,102.895134,72.78202,42.080784,21.101696,6.556569,-9.5938425,-9.235366,-4.170045,-4.295345,0.035206635,-1.1803038
New_MVP_195.wav,MVP,./Dataset/Spectrograms_MVP\MVP\New_MVP_195.png,-460.9677,142.48737,118.721535,85.94239,51.275093,21.035294,-0.37870634,-11.331522,-13.177804,-9.32398,-3.646238,0.7816303,2.3458683
New_MVP_196.wav,MVP,./Dataset/Spectrograms_MVP\MVP\New_MVP_196.png,-471.8204,149.98566,121.83305,86.484726,50.10359,19.067104,-1.659309,-11.433351,-12.341433,-8.145483,-2.911207,0.6020458,1.2526623
New_MVP_197.wav,MVP,./Dataset/Spectrograms_MVP\MVP\New_MVP_197.png,-479.94012,134.9273,108.29059,73.4173,37.083355,6.4662094,-13.612196,-21.74565,-20.046865,-12.668818,-4.149525,2.0010054,4.1858916
New_MVP_198.wav,MVP,./Dataset/Spectrograms_MVP\MVP\New_MVP_198.png,-484.1359,131.08989,106.07713,72.2047,37.137814,7.503943,-12.193063,-20.62044,-19.619629,-12.956229,-4.8423505,1.3195856,3.8397136
New_MVP_199.wav,MVP,./Dataset/Spectrograms_MVP\MVP\New_MVP_199.png,-584.3271,121.89888,91.00578,52.990246,18.434397,-4.896425,-14.732544,-14.368345,-9.245752,-4.1305633,-1.2976223,-0.58283305,-0.7973031
New_MVP_200.wav,MVP,./Dataset/Spectrograms_MVP\MVP\New_MVP_200.png,-571.2911,119.08755,90.334854,53.22417,18.856781,-4.6628265,-14.832191,-14.433252,-8.952296,-3.4571557,-0.5904804,-0.3728236,-1.3667595
